{"Camera1": {"CameraIntrinsic": [1310.82, 0.0, 960.0, 0.0, 1103.52, 540.0, 0.0, 0.0, 1.0], "CameraMatrix": [0.854312479769024, -0.030581484285930244, -0.5188592870227631, 4.52255, 0.07185173839377995, -0.9817341519827913, 0.1761686195677904, -0.793504, -0.5147693800146746, -0.18778399199478762, -0.8365104050457524, 1.93772, 0.0, 0.0, 0.0, 1.0], "CameraNumber": 1, "DistCoeff": [-0.152369, 0.138216, -0.00350733, -0.0138074, 0.0], "FrameHeight": "1920", "FrameWidth": "1080", "fps": 60}, "Camera2": {"CameraIntrinsic": [1268.78, 0.0, 960.0, 0.0, 1095.74, 540.0, 0.0, 0.0, 1.0], "CameraMatrix": [0.9502357972551525, -0.06214872337584361, -0.30526949699833644, 0.233188, -0.022356313460357883, -0.9909763686922486, 0.13215911600032265, 0.144075, -0.31072837794982083, -0.1187576223923222, -0.9430506361062463, -0.32353, 0.0, 0.0, 0.0, 1.0], "CameraNumber": 2, "DistCoeff": [-0.157829, 0.132708, -0.00153826, -0.0163378, 0.0], "FrameHeight": "1920", "FrameWidth": "1080", "fps": 60}, "Camera3": {"CameraIntrinsic": [1282.83, 0.0, 960.0, 0.0, 1108.68, 540.0, 0.0, 0.0, 1.0], "CameraMatrix": [0.9999582611460938, 0.0007034855760849357, -0.009109394805646613, -5.03434, 0.0006922121145360188, -0.9999989908045224, -0.0012406580212957962, -0.347854, -0.009110258397509405, 0.0012343006042113375, -0.9999577389539767, 0.29017, 0.0, 0.0, 0.0, 1.0], "CameraNumber": 3, "DistCoeff": [-0.152742, 0.124067, -0.00519447, -0.021179, 0.0], "FrameHeight": "1920", "FrameWidth": "1080", "fps": 60}, "Camera4": {"CameraIntrinsic": [1347.95, 0.0, 960.0, 0.0, 1138.81, 540.0, 0.0, 0.0, 1.0], "CameraMatrix": [0.9561668200647524, -0.013590919865076002, 0.29250692146422874, -8.49697, 0.010152970043707453, -0.9967829333081646, -0.0795028368353158, -1.04356, 0.29264642387452977, 0.07898778869415417, -0.9529527794338273, 2.64912, 0.0, 0.0, 0.0, 1.0], "CameraNumber": 4, "DistCoeff": [-0.164477, 0.16861, -0.00348946, -0.0182447, 0.0], "FrameHeight": "1920", "FrameWidth": "1080", "fps": 60}}